nome,link,categoria
Pizzaria Joinville,https://app.menudino.com/pizzariajoinville,pizza
Central da Pizza,https://app.menudino.com/centraldapizza,pizza
Tchellu's Pizzaria,https://tchelluspizzaria.menudino.com/,pizza
The Famous Burger,https://app.menudino.com/thefamousburger,hamburguer
Mônaco Burger,https://app.menudino.com/monacoburger,hamburguer
Sunset Burguer & Beer,https://sunsetburguer.menudino.com/,hamburguer
BBQ Storm,https://bbqstorm.menudino.com/,hamburguer
La Brasa Burger,https://labrasaburgerjoinville.menudino.com/,hamburguer
Planeta Burger,https://planeta-burger.ueniweb.com/,hamburguer
Grill's Ville Burger,https://grill-s-ville-burger.ueniweb.com/,hamburguer
Pizza para Você,https://pedido.anota.ai/loja/pizzaparavoce-joinville,pizza
Fábrica da Pizza,https://pedido.anota.ai/loja/fabrica-da-pizza-joinville,pizza
Capisce Pizza,https://pedido.anota.ai/loja/capisce,pizza
J.C Burguer e Pizzas,https://pedido.anota.ai/loja/jc-burguer-e-pizza-1,hamburguer
Night Lanches e Porções,https://pedido.anota.ai/loja/night-lanches-e-porcoes,hamburguer
J.J. Burguer,https://pedido.anota.ai/loja/jjburguer,hamburguer
Godines Lanches,https://pedido.anota.ai/loja/godines-lanches,hamburguer
Mascarello Pizzaria Paranaguamirim,https://pedir.delivery/app/mascarelloparanaguamirim/menu,pizza
GB Pizzas Burguer,https://pedir.delivery/app/gbburguer/menu,pizza
Academia do Burguer,https://pedir.delivery/academiadoburguer,hamburguer
Hamburgueria Burguesly,https://hamburgueria-burguesly.ola.click/,hamburguer
Seu Madruga Pizzaria,https://seumadruga.ola.click/,pizza
LV Hamburgueria & Pizzaria,https://lvhamburgueria.ola.click/,hamburguer
Pôr do Sol Hamburgueria e Pizzaria,https://por-do-sol-hamburgueria-e-pizzaria.ola.click/,hamburguer
Garfield Pizzaria e Hamburgueria,https://garfieldpizzaria.ola.click/,pizza
Estação 364 Hamburgueria e Pizzaria,https://hamburgueria-e-pizzaria-estacao-364.ola.click/,hamburguer
Sabor + Pizzaria e Hamburgueria,https://sabor-bra.ola.click/,pizza
Don Pizzarello Hamburgueria & Pizzaria,https://don-pizzarello.ola.click/,pizza
Mega Burguer Delivery,https://instadelivery.com.br/megaburguerdeliveryjoinville,hamburguer
Papparella Pizzaria,https://deliveryapp.neemo.com.br/delivery/9338/menu,pizza
Pizzaria Pizzaiolo,https://deliveryapp.neemo.com.br/delivery/9259/menu,pizza
Massa Fina Pizzaria,https://deliveryapp.neemo.com.br/mais_informacoes/3122,pizza
Via Rústica Pizzaria,https://deliveryapp.neemo.com.br/delivery/1454/menu,pizza
Pizzaria Magia Urbana,https://deliveryapp.neemo.com.br/delivery/10357/menu,pizza
Giuseppe Pizzeria & Restaurante,https://deliveryapp.neemo.com.br/delivery/3617,pizza
Império Pizzaria Hamburgueria e Esfiharia,https://menu.brendi.com.br/imperio-pizzaria-hamburgueria-e-esfiharia/,pizza
Pizza Para Você - Zona Sul,https://deliverydireto.com.br/pizzaparavoce/joinville,pizza
Pizzaria Prestígio,https://pizzariaprestigio.chefware.com.br/,pizza
Joka Lanchonete,https://jokalanchonete.chefware.com.br/,hamburguer
DNA da Pizza (site),https://dnadapizzajoinville.com.br/,pizza
Pizzaria Positano,https://www.pizzariapositano.com.br/,pizza
Pizzaria Tempero Napolitano,https://www.pizzariajoinville.com.br/,pizza
O Fornão Pizzaria,https://ofornao.com.br/,pizza
Gullas Pizzaria,https://www.pizzariagullas.com.br/,pizza
Oficina das Pizzas,https://oficinadaspizzas.com.br/,pizza
Ap Hamburgueria,https://cardapio.gototem.com.br/hamburgueria_1/cardapio,hamburguer
Taverna Búrguer,https://tavernaburgerjoi.mandarpedido.com/google,hamburguer
Wanna Burger,http://wannaburger.saipos.com/,hamburguer
La Casa do Hambúrguer,https://pedido.brendi.com.br/la-casa-do-hamburguer-comasa,hamburguer
American Burger (site),https://americanburger.nakasushiamericanburger.com.br/,hamburguer
