plataforma,categoria,nome,link,status,obs
Goomer,Hambúrguer e lanches,The Valley Burguer,https://thevalley.goomer.app/,Inativa (404),
Goomer,Hambúrguer e lanches,Capitão Jack Lanches,https://capitao-jack-lanches.goomer.app/,Inativa (404),
Goomer,Hambúrguer e lanches,Xhapeiro Lanche,https://xhapeiro-lanche.goomer.app/,Inativa (404),Aparecia como fechado na busca
Goomer,Hambúrguer e lanches,Heróis Burger's,https://herois-burgers.goomer.app/,Inativa (404),
Goomer,Hambúrguer e lanches,Alvez Hamburgueria,https://alvez-hamburgueria.goomer.app/,Inativa (404),
Goomer,Hambúrguer e lanches,General Premium Burgers,https://general.goomer.app/,Inativa (404),
Goomer,Hambúrguer e lanches,Bravu's Burger e Açaí,https://bravus-burger-e-acai.goomer.app/,Inativa (404),
Goomer,Hambúrguer e lanches,Start Burger e Beer,https://start-burguer-2.goomer.app/,Ativa,
Goomer,Hambúrguer e lanches,Top Lanches Itinga,https://toplanchesitinga.goomer.app/,Conferir,"Plano pago, mas o cardápio veio sem produtos"
Goomer,Hambúrguer e lanches,Papaléguas Lanches,https://papaleguas-lanches-4.goomer.app/,Inativa (404),
Goomer,Hambúrguer e lanches,Néia Lanches,https://neia-lanches.goomer.app/,Inativa (404),
Goomer,Hambúrguer e lanches,Burger4Fun,https://burger4fun.goomer.app/,Ativa,
Goomer,Hambúrguer e lanches,Box Mineiro,https://box-mineiro-joinville.goomer.app/,Inativa (404),
Goomer,Hambúrguer e lanches,Frigideira Burguer,https://frigideira-burguer.goomer.app/,Inativa (404),
Goomer,Hambúrguer e lanches,Chapa Quente,https://chapa-quente-21.goomer.app/,Conferir,"Plano pago, mas só 1 produto no cardápio"
Goomer,Hambúrguer e lanches,Brasa Smash Búrguer,https://brasasmashburguerjoinville.goomer.app/,Ativa,
Goomer,Hambúrguer e lanches,La Bruta Burguer,https://la-bruta-burguer.goomer.app/,Inativa (404),
Goomer,Hambúrguer e lanches,Molina Burger,https://molina-burger.goomer.app/,Inativa (404),
Goomer,Pizza e italiana,Nappo Pizza,https://nappo-pizza.goomer.app/,Ativa,
Goomer,Pizza e italiana,Santo Basílico,https://santo-basilico.goomer.app/,Ativa,
Goomer,Pizza e italiana,DNA da Pizza,https://dna-da-pizza-joinville-1.goomer.app/,Conferir,"Plano pago, mas o cardápio veio sem produtos"
Goomer,Pizza e italiana,O Itália,https://oitalia.goomer.app/,Ativa,
Goomer,Pizza e italiana,Menu Box,https://menu-box.goomer.app/,Inativa (404),
Goomer,Sushi e oriental,Azumi - Culinária Oriental,https://azumi-culinaria-oriental.goomer.app/,Ativa,
Goomer,Sushi e oriental,Kai Poke & Sushi,https://kai-poke-sushi.goomer.app/,Ativa,
Goomer,Sushi e oriental,Niu Sushi,https://niu-sushi.goomer.app/,Conferir,Plano pago; não consegui ler o cardápio
Goomer,Sushi e oriental,Shin Sushi Delivery,https://shinsushidelivery.goomer.app/,Ativa,
Goomer,Sushi e oriental,Kyra Sushi,https://kyra-sushi.goomer.app/,Inativa (404),
Goomer,Sushi e oriental,Nhac Temaki,https://nhac-temaki.goomer.app/,Conferir,"Plano pago, mas o cardápio veio sem produtos"
Goomer,Sushi e oriental,Peixe em Casa,https://peixe-em-casa-1.goomer.app/,Ativa,Frutos do mar
Goomer,Mexicana,El Patrón Mexican Food - Matriz,https://elpatronjoinville.goomer.app/,Conferir,"Plano pago, mas o cardápio veio sem produtos"
Goomer,Mexicana,El Patrón - Aventureiro,https://el-patron-aventureiro.goomer.app/,Ativa,
Goomer,Mexicana,La Rica Tacos,https://larica-tacos.goomer.app/,Ativa,
Goomer,Carnes e bares,Red Steak House,https://red-steak-house-1.goomer.app/,Inativa (404),
Goomer,Carnes e bares,Carne Nobre Joinville,https://carne-nobre-joinville.goomer.app/,Ativa,
Goomer,Carnes e bares,Koala Bar,https://koala-bar-1.goomer.app/,Inativa (404),
Goomer,Carnes e bares,Bamboo Lounge Bar,https://bamboojoinville.goomer.app/,Inativa (404),
Goomer,Carnes e bares,Nuts Gastrobar,https://z-gastrobar.goomer.app/,Ativa,
Goomer,Carnes e bares,Casa da Tilápia,https://casa-da-tilapia.goomer.app/,Ativa,
Goomer,Caseira e saudável,Seven Loves,https://seven-loves.goomer.app/,Inativa (404),Comida caseira
Goomer,Caseira e saudável,Fogão do Jeff,https://fogo-do-jeff.goomer.app/,Ativa,
Goomer,Caseira e saudável,Didge - Joinville,https://didge-joinville.goomer.app/,Inativa (404),
Goomer,Caseira e saudável,Mundo Verde - Joinville,https://mundo-verde-joinville.goomer.app/,Inativa (404),
Goomer,Caseira e saudável,Gamafit Joinville,https://gamafitjoinville.goomer.app/,Inativa (404),
Goomer,Caseira e saudável,Van Healthy,https://van-healthy.goomer.app/,Ativa,
Goomer,Caseira e saudável,Espaço Saudável - Nutriclub,https://espaco-saudavel-1.goomer.app/,Ativa,
Goomer,Caseira e saudável,Sweetsalad,https://sweetsalad.app/,Conferir,Domínio próprio; não consegui acessar daqui
Goomer,"Doces, café e sorvete",Donutsville,https://donutsville.goomer.app/,Inativa (404),
Goomer,"Doces, café e sorvete",Chocodoce Joinville,https://chocodoce-joinville.goomer.app/,Inativa (404),
Goomer,"Doces, café e sorvete",Chocolate Lugano Joinville,https://chocolate-lugano-joinville-33.goomer.app/,Ativa,
Goomer,"Doces, café e sorvete",Cafeteria Lugano,https://chocolate-lugano-joinville.goomer.app/,Inativa (404),
Goomer,"Doces, café e sorvete",Vitrine Recheada,https://vitrine-recheada.goomer.app/,Ativa,
Goomer,"Doces, café e sorvete",Zebrão Sorvetes,https://zebrao-sorvetes.goomer.app/,Inativa (404),
Goomer,"Doces, café e sorvete",Gelato & Café,https://gelato-caf.goomer.app/,Inativa (404),
Goomer,"Doces, café e sorvete",Gelato Joinville - Geladinho Gourmet,https://www.goomer.app/gelato-joinville,Inativa (404),
Goomer,"Doces, café e sorvete",Ateliê Doce Amor,https://juli-gabi-bolos.goomer.app/,Inativa (404),
Goomer,"Doces, café e sorvete",Império Cake,https://imperio-doces-salgados.goomer.app/,Inativa (404),
Goomer,"Doces, café e sorvete",Nunu Doces,https://nunu-doces.goomer.app/,Inativa (404),
Goomer,"Doces, café e sorvete",F.kDoces,https://fkdoces.goomer.app/,Ativa,
Goomer,Outros (não é restaurante),Disk Narguilé,https://disknarguile.goomer.app/,Inativa (404),
Goomer,Outros (não é restaurante),Daville Distribuidora,https://daville-distribuidora.goomer.app/,Ativa,
Cardápio Web,Hambúrguer e lanches,Alcatra Búrguer Joinville,https://app.cardapioweb.com/alcatra_burguer,Ativa,
Cardápio Web,Hambúrguer e lanches,Burg Lab,https://app.cardapioweb.com/burg_lab,Ativa,
Cardápio Web,Hambúrguer e lanches,American Burger - Joinville,https://app.cardapioweb.com/american_burguer,Ativa,Mesmo endereço do Naka Sushi
Cardápio Web,Hambúrguer e lanches,Ninja - Burgers e Hot Dogs,https://app.cardapioweb.com/ninja_hamburgueria,Ativa,
Cardápio Web,Hambúrguer e lanches,Xis10 - Vila Nova,https://app.cardapioweb.com/xis10_vila_nova,Ativa,
Cardápio Web,Hambúrguer e lanches,Big House Búrguer,https://bighouseburguer.com.br/,Conferir,Domínio próprio; não consegui acessar daqui
Cardápio Web,Sushi e oriental,Naka Sushi - Joinville,https://app.cardapioweb.com/naka_sushi,Ativa,Mesmo endereço do American Burger
Cardápio Web,Sushi e oriental,Hinata Sushi Joinville,https://app.cardapioweb.com/hinata_sushi,Ativa,
Cardápio Web,Pizza e italiana,Domino's Pizza - Joinville,https://joinville.dominospizzabrasil.com.br/,Conferir,Domínio próprio; não consegui acessar daqui
Cardápio Web,Pizza e italiana,Luh Pizzaria e Hamburgueria,https://portal.cardapioweb.com/,Conferir,Link do Google aponta para o portal genérico do Cardápio Web
Cardápio Web,Salgados,Delysfih'a - Esfihas,https://delysfiha.com.br/,Conferir,Domínio próprio; não consegui acessar daqui
